Product Title, Price, Ratings, Number of reviews
Wireless Earbuds Bluetooth 5.3 Headphones with Touch Screen 50H Playtime Deep Bass Stereo Ear Buds with Mic IPX7 Waterproof in Ear Earphones for Pad Tablet Android/iOS Phones Gifts for Women Men,Not available as no stock,4.5 out of 5 stars,903
Soundcore Anker Life Q20 Hybrid Active Noise Cancelling Headphones| Wireless Over Ear Bluetooth Headphones| 60H Playtime| Hi-Res Audio| Deep Bass| Memory Foam Ear Cups| Travel| Office| USB-C Charging,Not available as no stock,4.5 out of 5 stars,85639
Wireless Earbuds| 2025 Bluetooth 5.4 Headphones in Ear with 4 ENC Noise Cancelling Mic| New Wireless Earphones HiFi Stereo Deep Bass 40H Playtime| LED| In-Ear Bluetooth Ear Buds IP7 Waterproof| USB-C,Not available as no stock,4.8 out of 5 stars,469
Wireless Earbuds| 2025 Ear Buds with Big Bass Stereo Sound| Lightweight Bluetooth Earbuds with 48 Hours Playtime| in-Ear Fit Earphones| IPX7| Hands-Free Calls with AI for iPhone| Android| Pad,Not available as no stock,4.8 out of 5 stars,713
JBL Tune 720BT - Wireless Over-Ear Headphones with JBL Pure Bass Sound| Bluetooth 5.3| Up to 76H Battery Life and Speed Charge| Lightweight| Comfortable and Foldable Design (Black),Not available as no stock,4.5 out of 5 stars,4193
BERIBES Bluetooth Headphones Over Ear| 65H Playtime and 6 EQ Music Modes Wireless Headphones with Microphone| HiFi Stereo Foldable Lightweight Headset| Deep Bass for Home Office Cellphone PC Ect.,Not available as no stock,4.5 out of 5 stars,33635
Soundcore Anker Life Q20 Hybrid Active Noise Cancelling Headphones| Wireless Over Ear Bluetooth Headphones| 60H Playtime| Hi-Res Audio| Deep Bass| Memory Foam Ear Cups| Travel| Office| USB-C Charging,Not available as no stock,4.5 out of 5 stars,85639
Wireless Earbuds Bluetooth 5.4 Headphones Noise Cancelling| 40H Playtime Bluetooth Ear Bud with Dynamic Drivers Stereo| Sports Earphones Wireless with LED Power Display for Laptop Pad Phones,Not available as no stock,4.6 out of 5 stars,794
ZIHNIC Bluetooth Headphones Over-Ear| Foldable Wireless and Wired Stereo Headset Micro SD/TF| FM for Cell Phone|PC|Soft Earmuffs &Light Weight for Prolonged Wearing(Rose Gold),Not available as no stock,4.4 out of 5 stars,81916
JBL Vibe Beam - True Wireless JBL Deep Bass Sound Earbuds| Bluetooth 5.2| Water & Dust Resistant| Hands-free call with VoiceAware| Up to 32 hours of battery life (Black),Not available as no stock,4.3 out of 5 stars,20617
Beats Solo 4 - Wireless Bluetooth On-Ear Headphones| Apple & Android Compatible| Up to 50 Hours of Battery Life - Cloud Pink,Not available as no stock,4.6 out of 5 stars,9660
Sony WH-CH520 Wireless Headphones Bluetooth On-Ear Headset with Microphone| Black New,Add to cart button available but no price available,4.4 out of 5 stars,19075
Uliptz Wireless Bluetooth Headphones| 65H Playtime| 6 EQ Sound Modes| HiFi Stereo Over Ear Headphones with Microphone| Foldable Lightweight Bluetooth 5.3 Headphones for Travel/Office/Cellphone/PC,Not available as no stock,4.5 out of 5 stars,10919
Wireless Earbuds| Bluetooth 5.3 Headphones LED Power Display| 2025 New Wireless Earphones| 4 ENC Noise Cancelling Mic| HiFi Stereo| 48H Playtime Mini Case IP7 Waterproof for Sport Walk,Not available as no stock,5.0 out of 5 stars,8
KOVOL Open-Ear Wireless Headphones| Wireless Earphones Stereo Sound| 36H Playtime| Comfort Fit| for Outdoor| Gym Running| Sports Earbuds| IPX4 Sweatproof| Smart Touch Control| Black,Not available as no stock,4.0 out of 5 stars,1
Wireless Earbuds Bluetooth 5.4 Headphones Sport| 2025 Bluetooth Earbuds with Earhooks| 50H Stereo Over Ear Buds| Earphone with 4 ENC Noise Canceling Mic| IP7 Waterproof Headset for Running/Gym/Workout,Not available as no stock,4.8 out of 5 stars,735
